{"d":2.5166666667,"h":250,"w":500,"k":{"translateX":[[0,250,2,[1,0,0.2787770033,1]],[0.2376991929,90,0],[0.4753983858,90,1],[0.7130975786,250,0]],"scaleX":[[0,100,2,[1,0,0.9088694954,1.4895581961]],[0.1426169288,290.6082489105,2,[0.4085218646,1.4654238949,0.384679829,1.2842958437]],[0.2535440811,116.3399917553,2,[0.1954538678,-1.1006917045,0.453612407,1]],[0.3803161217,99.9999997848,0]],"rotation":[[0.4753983858,0,2,[0.5490106281,0,0.7011855865,0.379438198]],[0.7130975786,190,2,[0.1748282021,-2.3682865323,0.6801522088,-0.3581422718]],[0.7947019868,179.9999940903,2,[0.3160746892,-5459966.603024961,0.3323598703,1]],[0.8874172185,179.9999968831,0]]}}